{"cameraMode":{"drawMode":0,"name":"Shaded","section":"Shading Mode"},"sceneLighting":true,"audioPlay":false,"sceneViewState":{"m_AlwaysRefresh":false,"showFog":true,"showSkybox":true,"showFlares":true,"showImageEffects":true,"showParticleSystems":true,"showVisualEffectGraphs":true,"m_FxEnabled":true},"in2DMode":false,"pivot":{"x":469.9681091308594,"y":-3.1164305210113527,"z":464.007568359375},"rotation":{"x":0.000055736083595547825,"y":-0.9996384382247925,"z":-0.008692015893757344,"w":-0.02694869413971901},"size":2.301928997039795,"orthographic":false}